{
  "cols": 8,
  "data": {
    "point-10": [
      0.559660792350769,
      0.43512484431266785,
      0.15266656875610352,
      0.7068660259246826,
      0.0007273891242220998,
      0.6930000185966492,
      0.4000000059604645,
      0.0949999988079071
    ],
    "point-11": [
      0.9116932153701782,
      0.7604767084121704,
      0.13174304366111755,
      0.6895061731338501,
      0.010999999940395355,
      0.7089999914169312,
      0.029999999329447746,
      0.007000000216066837
    ],
    "point-12": [
      0.3581198751926422,
      0.4115775227546692,
      0.06941394507884979,
      0.2672039568424225,
      0.04899999871850014,
      0.3619999885559082,
      0.20000000298023224,
      0.18400000035762787
    ],
    "point-13": [
      0.42386072874069214,
      0.46427834033966064,
      0.0,
      0.21098515391349792,
      0.3400000035762787,
      0.4480000138282776,
      0.029999999329447746,
      0.008999999612569809
    ],
    "point-14": [
      0.5866805911064148,
      0.4058806300163269,
      0.2806970179080963,
      0.14859634637832642,
      0.10000000149011612,
      0.8190000057220459,
      0.7400000095367432,
      0.041999999433755875
    ],
    "point-15": [
      0.8401640057563782,
      0.42199110984802246,
      0.41077321767807007,
      0.753733217716217,
      0.6240000128746033,
      0.7749999761581421,
      0.5099999904632568,
      0.25999999046325684
    ],
    "point-16": [
      1.0,
      0.5669504404067993,
      0.2765674591064453,
      0.35654351115226746,
      0.3050000071525574,
      0.7149999737739563,
      0.7239999771118164,
      0.7170000076293945
    ],
    "point-17": [
      0.9212058782577515,
      0.0,
      0.28786754608154297,
      0.6547905206680298,
      0.257999986410141,
      0.8270000219345093,
      0.6399999856948853,
      0.7369999885559082
    ],
    "point-18": [
      0.9017602801322937,
      0.4117076098918915,
      0.0,
      1.0,
      0.550000011920929,
      0.7770000100135803,
      0.7200000286102295,
      0.949999988079071
    ],
    "point-9": [
      0.7542009353637695,
      0.40292829275131226,
      0.476696252822876,
      0.7443299293518066,
      0.0007273891242220998,
      0.7799999713897705,
      0.550000011920929,
      0.15000000596046448
    ]
  }
}
