{
  "cols": 7,
  "data": {
    "point-10": [
      -1.1304347515106201,
      -0.17391304671764374,
      0.260869562625885,
      -1.3333333730697632,
      -1.3623188734054565,
      0.260869562625885,
      1.3043478727340698
    ],
    "point-11": [
      0.6376811861991882,
      -1.6811593770980835,
      1.2173912525177002,
      -1.3043478727340698,
      -1.3043478727340698,
      0.260869562625885,
      0.028985507786273956
    ],
    "point-12": [
      -0.8115941882133484,
      1.1304347515106201,
      1.2173912525177002,
      -0.52173912525177,
      0.6666666865348816,
      0.260869562625885,
      -1.6521738767623901
    ],
    "point-13": [
      -0.8115941882133484,
      -0.7536231875419617,
      0.43478259444236755,
      -0.52173912525177,
      -0.4637681245803833,
      -1.39130437374115,
      -0.28985506296157837
    ],
    "point-14": [
      1.1594202518463135,
      -1.3333333730697632,
      1.6521738767623901,
      0.37681159377098083,
      0.8115941882133484,
      -0.5507246255874634,
      -0.7246376872062683
    ],
    "point-15": [
      1.4492753744125366,
      0.3478260934352875,
      -1.3623188734054565,
      -1.0724637508392334,
      -0.8115941882133484,
      1.4202898740768433,
      1.9420289993286133
    ],
    "point-16": [
      -0.8695651888847351,
      0.6666666865348816,
      -0.3478260934352875,
      1.7101448774337769,
      -1.5072463750839233,
      -0.8405796885490417,
      1.5362318754196167
    ],
    "point-17": [
      -0.37681159377098083,
      0.6666666865348816,
      -0.3478260934352875,
      0.6086956262588501,
      -0.8405796885490417,
      -0.8405796885490417,
      0.695652186870575
    ],
    "point-18": [
      -1.1014492511749268,
      -2.0,
      1.8260869979858398,
      -2.0,
      1.7971014976501465,
      -2.0,
      1.9710144996643066
    ],
    "point-9": [
      -1.725899338722229,
      -0.7717280387878418,
      -1.269322395324707,
      -0.5400424003601074,
      0.7935818433761597,
      0.9005812406539917,
      1.4492753744125366
    ]
  }
}
